event_id,event_class,item,form_type,ticker,company,cik,accession_no,filing_date,accepted_at_et,event_session,first_full_session,benchmark_entry_date,period_of_report,index_name,point_in_time,in_benchmark_run,items_in_filing,sic_code,state_of_inc,source_url,confidence,ticker_mapping,rule_version
2.05-0001193125-05-004660,item_2_05_restructuring,2.05,8-K,TER,TERADYNE INC,97210,0001193125-05-004660,2005-01-11,2005-01-11T16:04:04,after_market,2005-01-12,2005-01-12,2005-01-07,SP500,True,True,2.05,3825,MA,https://www.sec.gov/Archives/edgar/data/97210/000119312505004660/,1.0,edgar_current,item_filter_v1
2.05-0000055785-05-000141,item_2_05_restructuring,2.05,8-K,KMB,KIMBERLY CLARK CORP,55785,0000055785-05-000141,2005-07-22,2005-07-22T06:37:28,pre_market,2005-07-22,2005-07-25,2005-07-20,SP500,True,True,"2.02,2.05",2670,DE,https://www.sec.gov/Archives/edgar/data/55785/000005578505000141/,1.0,edgar_current,item_filter_v1
2.05-0000217346-05-000093,item_2_05_restructuring,2.05,8-K,TXT,TEXTRON INC,217346,0000217346-05-000093,2005-12-07,2005-12-07T11:49:13,market_hours,2005-12-08,2005-12-08,2005-12-07,SP500,True,True,2.05,3720,DE,https://www.sec.gov/Archives/edgar/data/217346/000021734605000093/,1.0,edgar_current,item_filter_v1
2.05-0000930413-06-003876,item_2_05_restructuring,2.05,8-K,PBI,PITNEY BOWES INC /DE/,78814,0000930413-06-003876,2006-05-18,2006-05-18T15:54:13,market_hours,2006-05-19,2006-05-19,2006-05-12,SP500,True,True,"1.01,1.02,2.05,7.01",3579,DE,https://www.sec.gov/Archives/edgar/data/78814/000093041306003876/,1.0,edgar_current,item_filter_v1
2.05-0001072613-07-000045,item_2_05_restructuring,2.05,8-K,BSX,BOSTON SCIENTIFIC CORP,885725,0001072613-07-000045,2007-01-09,2007-01-08T17:47:23,after_market,2007-01-09,2007-01-10,2007-01-08,SP500,True,True,"2.05,9.01",3841,DE,https://www.sec.gov/Archives/edgar/data/885725/000107261307000045/,1.0,edgar_current,item_filter_v1
2.05-0001193125-07-183978,item_2_05_restructuring,2.05,8-K,AMGN,AMGEN INC,318154,0001193125-07-183978,2007-08-15,2007-08-15T17:09:30,after_market,2007-08-16,2007-08-16,2007-08-15,SP500,True,True,"2.05,7.01,9.01",2836,DE,https://www.sec.gov/Archives/edgar/data/318154/000119312507183978/,1.0,edgar_current,item_filter_v1
2.05-0000950123-08-003864,item_2_05_restructuring,2.05,8-K,MRK,SCHERING PLOUGH CORP,310158,0000950123-08-003864,2008-04-04,2008-04-04T17:27:59,after_market,2008-04-07,2008-04-07,2008-04-02,SP500,True,True,"2.05,9.01",2834,NJ,https://www.sec.gov/Archives/edgar/data/310158/000095012308003864/,1.0,edgar_current,item_filter_v1
2.05-0000217346-08-000140,item_2_05_restructuring,2.05,8-K,TXT,TEXTRON INC,217346,0000217346-08-000140,2008-10-16,2008-10-16T08:01:07,pre_market,2008-10-16,2008-10-17,2008-10-16,SP500,True,True,"2.02,2.05,2.06,9.01",3720,DE,https://www.sec.gov/Archives/edgar/data/217346/000021734608000140/,1.0,edgar_current,item_filter_v1
2.05-0000950137-08-014637,item_2_05_restructuring,2.05,8-K,MSI,MOTOROLA INC,68505,0000950137-08-014637,2008-12-30,2008-12-30T17:14:57,after_market,2008-12-31,2008-12-31,2008-12-23,SP500,True,True,2.05,3663,DE,https://www.sec.gov/Archives/edgar/data/68505/000095013708014637/,1.0,edgar_current,item_filter_v1
2.05-0001157523-09-003568,item_2_05_restructuring,2.05,8-K,ANSS,ANSYS INC,1013462,0001157523-09-003568,2009-05-07,2009-05-07T09:00:20,pre_market,2009-05-07,2009-05-08,2009-05-07,NASDAQ100,False,False,"2.02,2.05,9.01",7372,DE,https://www.sec.gov/Archives/edgar/data/1013462/000115752309003568/,1.0,edgar_current,item_filter_v1
2.05-0001299933-10-000923,item_2_05_restructuring,2.05,8-K,CAG,CONAGRA FOODS INC /DE/,23217,0001299933-10-000923,2010-03-04,2010-03-04T08:32:42,pre_market,2010-03-04,2010-03-05,2010-03-01,SP500,True,True,"2.05,2.06",2000,DE,https://www.sec.gov/Archives/edgar/data/23217/000129993310000923/,1.0,edgar_current,item_filter_v1
2.05-0000950123-10-113467,item_2_05_restructuring,2.05,8-K,TJX,TJX COMPANIES INC /DE/,109198,0000950123-10-113467,2010-12-14,2010-12-14T15:57:04,market_hours,2010-12-15,2010-12-15,2010-12-08,SP500,True,True,"2.05,9.01",5651,DE,https://www.sec.gov/Archives/edgar/data/109198/000095012310113467/,1.0,edgar_current,item_filter_v1
2.05-0001193125-11-295247,item_2_05_restructuring,2.05,8-K,AMD,ADVANCED MICRO DEVICES INC,2488,0001193125-11-295247,2011-11-03,2011-11-03T16:40:01,after_market,2011-11-04,2011-11-04,2011-11-03,SP500,True,True,"2.05,9.01",3674,DE,https://www.sec.gov/Archives/edgar/data/2488/000119312511295247/,1.0,edgar_current,item_filter_v1
2.05-0001217211-12-000014,item_2_05_restructuring,2.05,8-K,HRB,H&R BLOCK INC,12659,0001217211-12-000014,2012-04-25,2012-04-25T16:15:17,after_market,2012-04-26,2012-04-26,2012-04-19,SP500,True,True,"2.05,5.02,8.01,9.01",7200,MO,https://www.sec.gov/Archives/edgar/data/12659/000121721112000014/,1.0,edgar_current,item_filter_v1
2.05-0001193125-13-019330,item_2_05_restructuring,2.05,8-K,AMD,ADVANCED MICRO DEVICES INC,2488,0001193125-13-019330,2013-01-22,2013-01-22T16:46:05,after_market,2013-01-23,2013-01-23,2013-01-22,SP500,True,True,"2.02,2.05,7.01,9.01",3674,DE,https://www.sec.gov/Archives/edgar/data/2488/000119312513019330/,1.0,edgar_current,item_filter_v1
2.05-0000078814-13-000023,item_2_05_restructuring,2.05,8-K,PBI,PITNEY BOWES INC /DE/,78814,0000078814-13-000023,2013-08-14,2013-08-14T17:39:20,after_market,2013-08-15,2013-08-15,2013-08-14,SP500,True,True,"2.05,2.06",3579,DE,https://www.sec.gov/Archives/edgar/data/78814/000007881413000023/,1.0,edgar_current,item_filter_v1
2.05-0001299933-14-000525,item_2_05_restructuring,2.05,8-K,JNPR,JUNIPER NETWORKS INC,1043604,0001299933-14-000525,2014-04-02,,unknown,,2014-04-03,2014-04-02,SP500,True,True,"2.02,2.05,2.06,7.01",3576,DE,https://www.sec.gov/Archives/edgar/data/1043604/000129993314000525/,1.0,edgar_current,item_filter_v1
2.05-0001193125-15-110512,item_2_05_restructuring,2.05,8-K,CPB,CAMPBELL SOUP CO,16732,0001193125-15-110512,2015-03-30,2015-03-30T08:11:35,pre_market,2015-03-30,2015-03-31,2015-03-25,SP500,True,True,2.05,2000,NJ,https://www.sec.gov/Archives/edgar/data/16732/000119312515110512/,1.0,edgar_current,item_filter_v1
2.05-0000018230-15-000301,item_2_05_restructuring,2.05,8-K,CAT,CATERPILLAR INC,18230,0000018230-15-000301,2015-09-24,2015-09-24T09:03:57,pre_market,2015-09-24,2015-09-25,2015-09-22,SP500,True,True,"2.05,7.01,9.01",3531,DE,https://www.sec.gov/Archives/edgar/data/18230/000001823015000301/,1.0,edgar_current,item_filter_v1
2.05-0001193125-16-528737,item_2_05_restructuring,2.05,8-K,APD,AIR PRODUCTS & CHEMICALS INC /DE/,2969,0001193125-16-528737,2016-04-04,2016-04-04T09:01:07,pre_market,2016-04-04,2016-04-05,2016-03-29,SP500,True,True,2.05,2810,DE,https://www.sec.gov/Archives/edgar/data/2969/000119312516528737/,1.0,edgar_current,item_filter_v1
2.05-0001326160-16-000401,item_2_05_restructuring,2.05,8-K,DUK,Duke Energy CORP,1326160,0001326160-16-000401,2016-10-13,2016-10-13T06:56:33,pre_market,2016-10-13,2016-10-14,2016-10-10,SP500,True,True,"1.01,2.05,2.06,9.01",4931,DE,https://www.sec.gov/Archives/edgar/data/1326160/000132616016000401/,1.0,edgar_current,item_filter_v1
2.05-0001336917-17-000038,item_2_05_restructuring,2.05,8-K,UA,"Under Armour, Inc.",1336917,0001336917-17-000038,2017-08-01,2017-08-01T07:15:31,pre_market,2017-08-01,2017-08-02,2017-08-01,SP500,True,True,"2.02,2.05,9.01",2300,MD,https://www.sec.gov/Archives/edgar/data/1336917/000133691717000038/,1.0,edgar_current,item_filter_v1
2.05-0001193125-18-131673,item_2_05_restructuring,2.05,8-K,MCK,MCKESSON CORP,927653,0001193125-18-131673,2018-04-25,2018-04-25T17:25:03,after_market,2018-04-26,2018-04-26,2018-04-25,SP500,True,True,"2.05,7.01,9.01",5122,DE,https://www.sec.gov/Archives/edgar/data/927653/000119312518131673/,1.0,edgar_current,item_filter_v1
2.05-0000078239-19-000002,item_2_05_restructuring,2.05,8-K,PVH,PVH CORP. /DE/,78239,0000078239-19-000002,2019-01-11,2019-01-10T17:55:38,after_market,2019-01-11,2019-01-14,2019-01-10,SP500,True,True,"2.05,7.01,9.01",2320,DE,https://www.sec.gov/Archives/edgar/data/78239/000007823919000002/,1.0,edgar_current,item_filter_v1
2.05-0001157523-19-002130,item_2_05_restructuring,2.05,8-K,TAP,MOLSON COORS BREWING CO,24545,0001157523-19-002130,2019-10-30,2019-10-30T06:55:58,pre_market,2019-10-30,2019-10-31,2019-10-28,SP500,True,True,"2.02,2.05,5.02,9.01",2082,DE,https://www.sec.gov/Archives/edgar/data/24545/000115752319002130/,1.0,edgar_current,item_filter_v1
2.05-0001193125-20-170138,item_2_05_restructuring,2.05,8-K,SLB,SCHLUMBERGER LIMITED/NV,87347,0001193125-20-170138,2020-06-16,2020-06-16T13:01:45,market_hours,2020-06-17,2020-06-17,2020-06-16,SP500,True,True,"2.05,7.01",1389,P8,https://www.sec.gov/Archives/edgar/data/87347/000119312520170138/,1.0,edgar_current,item_filter_v1
2.05-0001193125-20-298226,item_2_05_restructuring,2.05,8-K,VTRS,Viatris Inc,1792044,0001193125-20-298226,2020-11-19,2020-11-19T17:01:06,after_market,2020-11-20,2020-11-20,2020-11-16,SP500,True,True,"1.01,2.01,2.05,5.01,5.02,5.03,5.05,9.01",2834,DE,https://www.sec.gov/Archives/edgar/data/1792044/000119312520298226/,1.0,edgar_current,item_filter_v1
2.05-0000046080-22-000116,item_2_05_restructuring,2.05,8-K,HAS,"HASBRO, INC.",46080,0000046080-22-000116,2022-10-04,2022-10-04T16:11:04,after_market,2022-10-05,2022-10-05,2022-09-29,SP500,True,True,"2.05,8.01,9.01",3944,RI,https://www.sec.gov/Archives/edgar/data/46080/000004608022000116/,1.0,edgar_current,item_filter_v1
2.05-0000712515-23-000018,item_2_05_restructuring,2.05,8-K,EA,ELECTRONIC ARTS INC.,712515,0000712515-23-000018,2023-03-29,2023-03-29T16:08:15,after_market,2023-03-30,2023-03-30,2023-03-27,SP500,True,True,2.05,7372,DE,https://www.sec.gov/Archives/edgar/data/712515/000071251523000018/,1.0,edgar_current,item_filter_v1
2.05-0001104659-24-009109,item_2_05_restructuring,2.05,8-K,MRK,"Merck & Co., Inc.",310158,0001104659-24-009109,2024-02-01,2024-02-01T06:39:01,pre_market,2024-02-01,2024-02-02,2024-01-29,SP500,True,True,"2.02,2.05,9.01",2834,NJ,https://www.sec.gov/Archives/edgar/data/310158/000110465924009109/,1.0,edgar_current,item_filter_v1
2.06-0001193125-05-003699,item_2_06_impairment,2.06,8-K,BAX,BAXTER INTERNATIONAL INC,10456,0001193125-05-003699,2005-01-10,2005-01-10T13:10:22,market_hours,2005-01-11,2005-01-11,2005-01-06,SP500,True,True,"1.01,2.03,2.06,9.01",3841,DE,https://www.sec.gov/Archives/edgar/data/10456/000119312505003699/,1.0,edgar_current,item_filter_v1
2.06-0001193125-05-134270,item_2_06_impairment,2.06,8-K,NEM,NEWMONT MINING CORP /DE/,1164727,0001193125-05-134270,2005-06-29,2005-06-29T11:53:46,market_hours,2005-06-30,2005-06-30,2005-06-23,SP500,True,True,"1.01,2.06,7.01,9.01",1040,DE,https://www.sec.gov/Archives/edgar/data/1164727/000119312505134270/,1.0,edgar_current,item_filter_v1
2.06-0000106535-05-000144,item_2_06_impairment,2.06,8-K,WY,WEYERHAEUSER CO,106535,0000106535-05-000144,2005-10-21,2005-10-21T16:01:06,after_market,2005-10-24,2005-10-24,2005-10-17,SP500,True,True,2.06,2400,WA,https://www.sec.gov/Archives/edgar/data/106535/000010653505000144/,1.0,edgar_current,item_filter_v1
2.06-0000900440-06-000013,item_2_06_impairment,2.06,8-K,CAG,CONAGRA FOODS INC /DE/,23217,0000900440-06-000013,2006-02-03,2006-02-02T20:00:03,after_market,2006-02-03,2006-02-06,2006-02-02,SP500,True,True,"2.05,2.06,9.01",2000,DE,https://www.sec.gov/Archives/edgar/data/23217/000090044006000013/,1.0,edgar_current,item_filter_v1
2.06-0001157523-06-011757,item_2_06_impairment,2.06,8-K,DG,DOLLAR GENERAL CORP,29534,0001157523-06-011757,2006-11-29,2006-11-29T08:19:57,pre_market,2006-11-29,2006-11-30,2006-11-28,SP500,True,True,"2.02,2.05,2.06,7.01,9.01",5331,TN,https://www.sec.gov/Archives/edgar/data/29534/000115752306011757/,1.0,edgar_current,item_filter_v1
2.06-0001193125-07-085777,item_2_06_impairment,2.06,8-K,MCD,MCDONALDS CORP,63908,0001193125-07-085777,2007-04-20,2007-04-20T07:56:13,pre_market,2007-04-20,2007-04-23,2007-04-20,SP500,True,True,"2.02,2.06,9.01",5812,DE,https://www.sec.gov/Archives/edgar/data/63908/000119312507085777/,1.0,edgar_current,item_filter_v1
2.06-0000715957-07-000031,item_2_06_impairment,2.06,8-K,D,DOMINION RESOURCES INC /VA/,715957,0000715957-07-000031,2007-07-09,2007-07-09T16:12:21,after_market,2007-07-10,2007-07-10,2007-07-02,SP500,True,True,2.06,4911,VA,https://www.sec.gov/Archives/edgar/data/715957/000071595707000031/,1.0,edgar_current,item_filter_v1
2.06-0001193125-07-257502,item_2_06_impairment,2.06,8-K,DFS,Discover Financial Services,1393612,0001193125-07-257502,2007-12-03,2007-12-03T08:03:38,pre_market,2007-12-03,2007-12-04,2007-11-29,SP500,True,True,"2.02,2.06,8.01,9.01",6141,DE,https://www.sec.gov/Archives/edgar/data/1393612/000119312507257502/,1.0,edgar_current,item_filter_v1
2.06-0000950134-08-012236,item_2_06_impairment,2.06,8-K,SBUX,STARBUCKS CORP,829224,0000950134-08-012236,2008-07-01,2008-07-01T16:14:15,after_market,2008-07-02,2008-07-02,2008-06-25,SP500,True,True,"2.05,2.06,9.01",5810,WA,https://www.sec.gov/Archives/edgar/data/829224/000095013408012236/,1.0,edgar_current,item_filter_v1
2.06-0001193125-08-251027,item_2_06_impairment,2.06,8-K,ODP,OFFICE DEPOT INC,800240,0001193125-08-251027,2008-12-10,2008-12-10T11:03:45,market_hours,2008-12-11,2008-12-11,2008-12-05,SP500,True,True,"1.01,2.05,2.06,8.01,9.01",5940,DE,https://www.sec.gov/Archives/edgar/data/800240/000119312508251027/,1.0,edgar_current,item_filter_v1
2.06-0001104659-09-003104,item_2_06_impairment,2.06,8-K,SEE,SEALED AIR CORP/DE,1012100,0001104659-09-003104,2009-01-20,2009-01-20T16:20:15,after_market,2009-01-21,2009-01-21,2009-01-15,SP500,True,True,"2.02,2.06,9.01",2670,DE,https://www.sec.gov/Archives/edgar/data/1012100/000110465909003104/,1.0,edgar_current,item_filter_v1
2.06-0000950144-09-001693,item_2_06_impairment,2.06,8-K,VMC,Vulcan Materials CO,1396009,0000950144-09-001693,2009-02-27,2009-02-27T11:16:05,market_hours,2009-03-02,2009-03-02,2009-02-25,SP500,True,True,"2.06,9.01",1400,NJ,https://www.sec.gov/Archives/edgar/data/1396009/000095014409001693/,1.0,edgar_current,item_filter_v1
2.06-0001171843-09-000940,item_2_06_impairment,2.06,8-K,FHN,FIRST HORIZON NATIONAL CORP,36966,0001171843-09-000940,2009-09-30,2009-09-30T16:09:35,after_market,2009-10-01,2009-10-01,2009-09-29,SP500,True,True,"2.06,7.01,9.01",6021,TN,https://www.sec.gov/Archives/edgar/data/36966/000117184309000940/,1.0,edgar_current,item_filter_v1
2.06-0001407702-10-000009,item_2_06_impairment,2.06,8-K,FE,FIRSTENERGY CORP,1031296,0001407702-10-000009,2010-08-13,,unknown,,2010-08-16,2010-08-12,SP500,True,True,2.06,4911,OH,https://www.sec.gov/Archives/edgar/data/1031296/000140770210000009/,1.0,edgar_current,item_filter_v1
2.06-0000950123-11-015695,item_2_06_impairment,2.06,8-K,ANF,ABERCROMBIE & FITCH CO /DE/,1018840,0000950123-11-015695,2011-02-18,,unknown,,2011-02-22,2011-02-18,SP500,True,True,"2.02,2.06,8.01,9.01",5651,DE,https://www.sec.gov/Archives/edgar/data/1018840/000095012311015695/,1.0,edgar_current,item_filter_v1
2.06-0000060667-11-000173,item_2_06_impairment,2.06,8-K,LOW,LOWES COMPANIES INC,60667,0000060667-11-000173,2011-10-17,2011-10-17T09:13:05,pre_market,2011-10-17,2011-10-18,2011-10-14,SP500,True,True,"2.05,2.06,8.01,9.01",5211,NC,https://www.sec.gov/Archives/edgar/data/60667/000006066711000173/,1.0,edgar_current,item_filter_v1
2.06-0001193125-12-223528,item_2_06_impairment,2.06,8-K,AMAT,APPLIED MATERIALS INC /DE,6951,0001193125-12-223528,2012-05-10,2012-05-10T06:09:59,pre_market,2012-05-10,2012-05-11,2012-05-09,SP500,True,True,"2.05,2.06",3674,DC,https://www.sec.gov/Archives/edgar/data/6951/000119312512223528/,1.0,edgar_current,item_filter_v1
2.06-0000018230-13-000041,item_2_06_impairment,2.06,8-K,CAT,CATERPILLAR INC,18230,0000018230-13-000041,2013-01-18,2013-01-18T17:12:27,after_market,2013-01-22,2013-01-22,2013-01-18,SP500,True,True,"2.06,7.01,9.01",3531,DE,https://www.sec.gov/Archives/edgar/data/18230/000001823013000041/,1.0,edgar_current,item_filter_v1
2.06-0000078814-13-000023,item_2_06_impairment,2.06,8-K,PBI,PITNEY BOWES INC /DE/,78814,0000078814-13-000023,2013-08-14,2013-08-14T17:39:20,after_market,2013-08-15,2013-08-15,2013-08-14,SP500,True,True,"2.05,2.06",3579,DE,https://www.sec.gov/Archives/edgar/data/78814/000007881413000023/,1.0,edgar_current,item_filter_v1
2.06-0001193125-14-049582,item_2_06_impairment,2.06,8-K,PEP,PEPSICO INC,77476,0001193125-14-049582,2014-02-13,2014-02-13T07:31:00,pre_market,2014-02-13,2014-02-14,2014-02-07,SP500,True,True,"2.02,2.05,2.06,8.01,9.01",2080,NC,https://www.sec.gov/Archives/edgar/data/77476/000119312514049582/,1.0,edgar_current,item_filter_v1
2.06-0001193125-15-123473,item_2_06_impairment,2.06,8-K,WBA,"Walgreens Boots Alliance, Inc.",1618921,0001193125-15-123473,2015-04-09,2015-04-09T07:05:53,pre_market,2015-04-09,2015-04-10,2015-04-08,SP500,True,True,"2.02,2.05,2.06,7.01,9.01",5912,DE,https://www.sec.gov/Archives/edgar/data/1618921/000119312515123473/,1.0,edgar_current,item_filter_v1
2.06-0001193125-16-434942,item_2_06_impairment,2.06,8-K,WDC,WESTERN DIGITAL CORP,106040,0001193125-16-434942,2016-01-22,2016-01-22T06:02:34,pre_market,2016-01-22,2016-01-25,2016-01-18,SP500,True,True,"2.05,2.06",3572,DE,https://www.sec.gov/Archives/edgar/data/106040/000119312516434942/,1.0,edgar_current,item_filter_v1
2.06-0001193125-16-731087,item_2_06_impairment,2.06,8-K,PEG,PUBLIC SERVICE ENTERPRISE GROUP INC,788784,0001193125-16-731087,2016-10-05,2016-10-05T08:31:05,pre_market,2016-10-05,2016-10-06,2016-10-03,SP500,True,True,"2.05,2.06,9.01",4931,NJ,https://www.sec.gov/Archives/edgar/data/788784/000119312516731087/,1.0,edgar_current,item_filter_v1
2.06-0001451505-17-000039,item_2_06_impairment,2.06,8-K,RIG,Transocean Ltd.,1451505,0001451505-17-000039,2017-05-30,2017-05-30T16:57:33,after_market,2017-05-31,2017-05-31,2017-05-30,SP500,True,True,2.06,1381,V8,https://www.sec.gov/Archives/edgar/data/1451505/000145150517000039/,1.0,edgar_current,item_filter_v1
2.06-0001564708-18-000004,item_2_06_impairment,2.06,8-K,NWS,NEWS CORP,1564708,0001564708-18-000004,2018-03-05,2018-03-05T16:36:14,after_market,2018-03-06,2018-03-06,2018-03-05,SP500,True,True,"2.06,8.01,9.01",2711,DE,https://www.sec.gov/Archives/edgar/data/1564708/000156470818000004/,1.0,edgar_current,item_filter_v1
2.06-0001637459-19-000020,item_2_06_impairment,2.06,8-K,KHC,Kraft Heinz Co,1637459,0001637459-19-000020,2019-02-28,2019-02-28T17:15:58,after_market,2019-03-01,2019-03-01,2019-02-28,SP500,True,True,"2.06,7.01",2030,DE,https://www.sec.gov/Archives/edgar/data/1637459/000163745919000020/,1.0,edgar_current,item_filter_v1
2.06-0001193125-19-317560,item_2_06_impairment,2.06,8-K,DVN,DEVON ENERGY CORP/DE,1090012,0001193125-19-317560,2019-12-18,2019-12-18T16:31:07,after_market,2019-12-19,2019-12-19,2019-12-17,SP500,True,True,"1.01,2.06,7.01,9.01",1311,DE,https://www.sec.gov/Archives/edgar/data/1090012/000119312519317560/,1.0,edgar_current,item_filter_v1
2.06-0001564590-20-033955,item_2_06_impairment,2.06,8-K,PKG,PACKAGING CORP OF AMERICA,75677,0001564590-20-033955,2020-07-28,2020-07-28T17:29:52,after_market,2020-07-29,2020-07-29,2020-07-24,SP500,True,True,"2.02,2.06,9.01",2650,,https://www.sec.gov/Archives/edgar/data/75677/000156459020033955/,1.0,edgar_current,item_filter_v1
2.06-0001193125-21-246157,item_2_06_impairment,2.06,8-K,PEG,PUBLIC SERVICE ENTERPRISE GROUP INC,788784,0001193125-21-246157,2021-08-13,2021-08-13T16:37:18,after_market,2021-08-16,2021-08-16,2021-08-12,SP500,True,True,"1.01,2.06,8.01,9.01",4931,NJ,https://www.sec.gov/Archives/edgar/data/788784/000119312521246157/,1.0,edgar_current,item_filter_v1
2.06-0000066740-22-000085,item_2_06_impairment,2.06,8-K,MMM,3M CO,66740,0000066740-22-000085,2022-12-20,2022-12-20T06:33:50,pre_market,2022-12-20,2022-12-21,2022-12-16,SP500,True,True,"2.06,7.01,9.01",3841,DE,https://www.sec.gov/Archives/edgar/data/66740/000006674022000085/,1.0,edgar_current,item_filter_v1
4.02-0000950117-05-000436,item_4_02_restatement,4.02,8-K,IP,INTERNATIONAL PAPER CO /NEW/,51434,0000950117-05-000436,2005-02-03,2005-02-03T08:50:44,pre_market,2005-02-03,2005-02-04,2005-02-01,SP500,True,True,"2.02,4.02,9.01",2621,NY,https://www.sec.gov/Archives/edgar/data/51434/000095011705000436/,1.0,edgar_current,item_filter_v1
4.02-0000892712-05-000254,item_4_02_restatement,4.02,8-K,KSS,KOHLS CORPORATION,885639,0000892712-05-000254,2005-02-22,2005-02-22T13:00:16,market_hours,2005-02-23,2005-02-23,2005-02-21,SP500,True,True,"2.02,4.02,8.01,9.01",5311,WI,https://www.sec.gov/Archives/edgar/data/885639/000089271205000254/,1.0,edgar_current,item_filter_v1
4.02-0000950152-05-001533,item_4_02_restatement,4.02,8-K,BIG,BIG LOTS INC,768835,0000950152-05-001533,2005-02-25,2005-02-25T17:18:14,after_market,2005-02-28,2005-02-28,2005-02-21,SP500,True,True,"1.01,2.02,2.03,4.02,9.01",5331,OH,https://www.sec.gov/Archives/edgar/data/768835/000095015205001533/,1.0,edgar_current,item_filter_v1
4.02-0000029534-05-000022,item_4_02_restatement,4.02,8-K,DG,DOLLAR GENERAL CORP,29534,0000029534-05-000022,2005-03-03,2005-03-03T17:26:14,after_market,2005-03-04,2005-03-04,2005-02-28,SP500,True,True,"4.02,7.01,9.01",5331,TN,https://www.sec.gov/Archives/edgar/data/29534/000002953405000022/,1.0,edgar_current,item_filter_v1
4.02-0001193125-05-043185,item_4_02_restatement,4.02,8-K,KR,KROGER CO,56873,0001193125-05-043185,2005-03-07,2005-03-07T08:53:45,pre_market,2005-03-07,2005-03-08,2005-03-07,SP500,True,True,"4.02,9.01",5411,OH,https://www.sec.gov/Archives/edgar/data/56873/000119312505043185/,1.0,edgar_current,item_filter_v1
4.02-0001193125-05-049531,item_4_02_restatement,4.02,8-K,BAX,BAXTER INTERNATIONAL INC,10456,0001193125-05-049531,2005-03-14,2005-03-14T16:38:25,after_market,2005-03-15,2005-03-15,2005-03-14,SP500,True,True,"2.02,4.02,9.01",3841,DE,https://www.sec.gov/Archives/edgar/data/10456/000119312505049531/,1.0,edgar_current,item_filter_v1
4.02-0000891020-05-000098,item_4_02_restatement,4.02,8-K,JWN,NORDSTROM INC,72333,0000891020-05-000098,2005-04-08,2005-04-08T17:15:36,after_market,2005-04-11,2005-04-11,2005-04-04,SP500,True,True,4.02,5651,WA,https://www.sec.gov/Archives/edgar/data/72333/000089102005000098/,1.0,edgar_current,item_filter_v1
4.02-0000060086-05-000031,item_4_02_restatement,4.02,8-K,L,LOEWS CORP,60086,0000060086-05-000031,2005-05-03,2005-05-03T11:16:40,market_hours,2005-05-04,2005-05-04,2005-05-03,SP500,True,True,"2.02,4.02,9.01",6331,DE,https://www.sec.gov/Archives/edgar/data/60086/000006008605000031/,1.0,edgar_current,item_filter_v1
4.02-0000950137-05-007184,item_4_02_restatement,4.02,8-K,HRB,H&R BLOCK INC,12659,0000950137-05-007184,2005-06-09,2005-06-08T21:28:40,after_market,2005-06-09,2005-06-10,2005-06-07,SP500,True,True,"1.01,2.02,4.02,8.01,9.01",7200,MO,https://www.sec.gov/Archives/edgar/data/12659/000095013705007184/,1.0,edgar_current,item_filter_v1
4.02-0001104659-05-034474,item_4_02_restatement,4.02,8-K,AES,AES CORP,874761,0001104659-05-034474,2005-07-27,2005-07-27T17:00:53,after_market,2005-07-28,2005-07-28,2005-07-27,SP500,True,True,"2.02,4.02,9.01",4991,DE,https://www.sec.gov/Archives/edgar/data/874761/000110465905034474/,1.0,edgar_current,item_filter_v1
4.02-0000903423-05-000710,item_4_02_restatement,4.02,8-K,IPG,"INTERPUBLIC GROUP OF COMPANIES, INC.",51644,0000903423-05-000710,2005-09-15,2005-09-15T08:46:34,pre_market,2005-09-15,2005-09-16,2005-09-13,SP500,True,True,"4.02,9.01",7311,DE,https://www.sec.gov/Archives/edgar/data/51644/000090342305000710/,1.0,edgar_current,item_filter_v1
4.02-0000887396-05-000011,item_4_02_restatement,4.02,8-K,EP,EMPIRE PETROLEUM CORP,887396,0000887396-05-000011,2005-11-21,2005-11-21T16:16:07,after_market,2005-11-22,2005-11-22,2005-11-21,SP500,True,True,4.02,9995,DE,https://www.sec.gov/Archives/edgar/data/887396/000088739605000011/,1.0,edgar_current,item_filter_v1
4.02-0001104659-06-002768,item_4_02_restatement,4.02,8-K,THC,TENET HEALTHCARE CORP,70318,0001104659-06-002768,2006-01-19,2006-01-19T07:55:22,pre_market,2006-01-19,2006-01-20,2006-01-17,SP500,True,True,"4.02,8.01,9.01",8062,NV,https://www.sec.gov/Archives/edgar/data/70318/000110465906002768/,1.0,edgar_current,item_filter_v1
4.02-0000950129-06-001579,item_4_02_restatement,4.02,8-K,NOV,NATIONAL OILWELL VARCO INC,1021860,0000950129-06-001579,2006-02-17,,unknown,,2006-02-21,2006-02-13,SP500,True,True,"2.02,4.02,9.01",3533,DE,https://www.sec.gov/Archives/edgar/data/1021860/000095012906001579/,1.0,edgar_current,item_filter_v1
4.02-0000950144-06-001568,item_4_02_restatement,4.02,8-K,AN,AUTONATION INC /FL,350698,0000950144-06-001568,2006-02-28,2006-02-28T06:18:15,pre_market,2006-02-28,2006-03-01,2006-02-27,SP500,True,True,4.02,5500,DE,https://www.sec.gov/Archives/edgar/data/350698/000095014406001568/,1.0,edgar_current,item_filter_v1
4.02-0000794367-06-000121,item_4_02_restatement,4.02,8-K,M,FEDERATED DEPARTMENT STORES INC /DE/,794367,0000794367-06-000121,2006-06-06,2006-06-06T07:54:34,pre_market,2006-06-06,2006-06-07,2006-06-05,SP500,True,True,4.02,5311,DE,https://www.sec.gov/Archives/edgar/data/794367/000079436706000121/,1.0,edgar_current,item_filter_v1
4.02-0000950123-06-009853,item_4_02_restatement,4.02,8-K,JPM,J P MORGAN CHASE & CO,19617,0000950123-06-009853,2006-08-03,2006-08-03T16:16:39,after_market,2006-08-04,2006-08-04,2006-08-03,SP500,True,True,4.02,6021,DE,https://www.sec.gov/Archives/edgar/data/19617/000095012306009853/,1.0,edgar_current,item_filter_v1
4.02-0001299933-06-005371,item_4_02_restatement,4.02,8-K,JNPR,JUNIPER NETWORKS INC,1043604,0001299933-06-005371,2006-08-10,,unknown,,2006-08-11,2006-08-09,SP500,True,True,"2.02,4.02,9.01",3576,DE,https://www.sec.gov/Archives/edgar/data/1043604/000129993306005371/,1.0,edgar_current,item_filter_v1
4.02-0000950134-06-018591,item_4_02_restatement,4.02,8-K,KLAC,KLA TENCOR CORP,319201,0000950134-06-018591,2006-10-03,2006-10-03T15:45:52,market_hours,2006-10-04,2006-10-04,2006-09-27,SP500,True,True,"2.02,4.02,5.04,8.01,9.01",3827,DE,https://www.sec.gov/Archives/edgar/data/319201/000095013406018591/,1.0,edgar_current,item_filter_v1
4.02-0001031296-06-000252,item_4_02_restatement,4.02,8-K,FE,FIRSTENERGY CORP,1031296,0001031296-06-000252,2006-11-02,,unknown,,2006-11-03,2006-10-27,SP500,True,True,4.02,4911,OH,https://www.sec.gov/Archives/edgar/data/1031296/000103129606000252/,1.0,edgar_current,item_filter_v1
4.02-0001193125-06-227646,item_4_02_restatement,4.02,8-K,UNH,UNITEDHEALTH GROUP INC,731766,0001193125-06-227646,2006-11-08,2006-11-08T08:35:43,pre_market,2006-11-08,2006-11-09,2006-11-07,SP500,True,True,"4.02,5.02,8.01,9.01",6324,MN,https://www.sec.gov/Archives/edgar/data/731766/000119312506227646/,1.0,edgar_current,item_filter_v1
4.02-0001193125-06-240200,item_4_02_restatement,4.02,8-K,VRSN,VERISIGN INC/CA,1014473,0001193125-06-240200,2006-11-21,,unknown,,2006-11-22,2006-11-15,SP500,True,True,"4.02,9.01",7371,DE,https://www.sec.gov/Archives/edgar/data/1014473/000119312506240200/,1.0,edgar_current,item_filter_v1
4.02-0000897101-07-000052,item_4_02_restatement,4.02,8-K,GIS,GENERAL MILLS INC,40704,0000897101-07-000052,2007-01-05,2007-01-05T17:23:12,after_market,2007-01-08,2007-01-08,2007-01-04,SP500,True,True,4.02,2040,DE,https://www.sec.gov/Archives/edgar/data/40704/000089710107000052/,1.0,edgar_current,item_filter_v1
4.02-0001157523-07-000779,item_4_02_restatement,4.02,8-K,NYT,NEW YORK TIMES CO,71691,0001157523-07-000779,2007-01-31,2007-01-31T08:55:31,pre_market,2007-01-31,2007-02-01,2007-01-29,SP500,True,True,"2.02,4.02,9.01",2711,NY,https://www.sec.gov/Archives/edgar/data/71691/000115752307000779/,1.0,edgar_current,item_filter_v1
4.02-0001104659-07-015633,item_4_02_restatement,4.02,8-K,AON,AON CORP,315293,0001104659-07-015633,2007-03-01,2007-03-01T17:19:21,after_market,2007-03-02,2007-03-02,2007-02-26,SP500,True,True,4.02,6321,DE,https://www.sec.gov/Archives/edgar/data/315293/000110465907015633/,1.0,edgar_current,item_filter_v1
4.02-0001104659-07-020466,item_4_02_restatement,4.02,8-K,AES,AES CORP,874761,0001104659-07-020466,2007-03-19,2007-03-19T17:24:34,after_market,2007-03-20,2007-03-20,2007-03-19,SP500,True,True,"2.02,4.02,8.01",4991,DE,https://www.sec.gov/Archives/edgar/data/874761/000110465907020466/,1.0,edgar_current,item_filter_v1
4.02-0000950129-07-002289,item_4_02_restatement,4.02,8-K,SYY,SYSCO CORP,96021,0000950129-07-002289,2007-05-07,2007-05-07T08:15:48,pre_market,2007-05-07,2007-05-08,2007-05-03,SP500,True,True,"2.02,4.02,9.01",5140,DE,https://www.sec.gov/Archives/edgar/data/96021/000095012907002289/,1.0,edgar_current,item_filter_v1
4.02-0001038838-07-000384,item_4_02_restatement,4.02,8-K,CPWR,TETRIDYN SOLUTIONS INC,827099,0001038838-07-000384,2007-05-31,2007-05-31T17:12:39,after_market,2007-06-01,2007-06-01,2007-05-23,SP500,True,True,"4.02,9.01",6770,NV,https://www.sec.gov/Archives/edgar/data/827099/000103883807000384/,1.0,edgar_current,item_filter_v1
4.02-0001144204-07-059662,item_4_02_restatement,4.02,8-K,ODP,OFFICE DEPOT INC,800240,0001144204-07-059662,2007-11-09,2007-11-09T13:33:06,market_hours,2007-11-12,2007-11-12,2007-11-05,SP500,True,True,"1.01,4.02,9.01",5940,DE,https://www.sec.gov/Archives/edgar/data/800240/000114420407059662/,1.0,edgar_current,item_filter_v1
4.02-0001104659-07-086940,item_4_02_restatement,4.02,8-K,XEL,XCEL ENERGY INC,72903,0001104659-07-086940,2007-12-05,2007-12-05T06:02:26,pre_market,2007-12-05,2007-12-06,2007-12-04,SP500,True,True,4.02,4931,MN,https://www.sec.gov/Archives/edgar/data/72903/000110465907086940/,1.0,edgar_current,item_filter_v1
